N,scalar,simd,simt
1,2238,2366,4407
2,2558,2718,4407
3,2878,3070,4407
4,3198,3422,4407
5,3518,3774,4407
6,3838,4126,4407
7,4158,4478,4407
8,4478,2590,4407
9,4798,2942,4983
10,5118,3294,4983
11,5438,3646,4983
12,5758,3998,4983
13,6078,4350,4983
14,6398,4702,4983
15,6718,5054,4983
16,7038,3166,4983
17,7358,3518,5559
18,7678,3870,5559
19,7998,4222,5559
20,8318,4574,5559
21,8638,4926,5559
22,8958,5278,5559
23,9278,5630,5559
24,9598,3742,5559
25,9918,4094,6135
26,10238,4446,6135
27,10558,4798,6135
28,10878,5150,6135
29,11198,5502,6135
30,11518,5854,6135
31,11838,6206,6135
32,12158,4318,6135
